"","From","To"
"1","E","A"
"2","D","B"
"3","D","E"
"4","C","B"
"5","C","B"
"6","B","D"
"7","D","B"
"8","F","C"
"9","B","C"
"10","B","C"
"11","D","B"
"12","E","C"
"13","E","C"
"14","E","D"
"15","D","B"
"16","F","B"
"17","A","C"
"18","B","D"
"19","A","C"
"20","B","E"
"21","D","A"
"22","E","C"
"23","B","C"
"24","C","A"
"25","A","B"
"26","A","B"
"27","C","A"
"28","D","C"
"29","B","C"
"30","A","C"
"31","E","D"
"32","C","E"
"33","A","C"
"34","E","B"
"35","D","C"
"36","B","D"
"37","A","C"
"38","C","D"
"39","C","D"
"40","E","F"
"41","D","B"
"42","E","A"
"43","A","B"
"44","C","E"
"45","B","C"
"46","A","B"
"47","C","B"
"48","B","C"
"49","A","D"
"50","C","D"
"51","E","A"
"52","D","E"
"53","D","B"
"54","C","E"
"55","A","D"
"56","C","A"
"57","A","B"
"58","A","B"
"59","A","C"
"60","D","B"
"61","A","E"
"62","B","C"
"63","E","B"
"64","A","D"
"65","D","C"
"66","A","D"
"67","B","A"
"68","A","E"
"69","A","B"
"70","D","B"
"71","C","A"
"72","C","D"
"73","D","C"
"74","A","E"
"75","C","D"
"76","D","E"
"77","D","C"
"78","D","A"
"79","E","C"
"80","E","C"
"81","E","F"
"82","A","D"
"83","B","C"
"84","B","C"
"85","C","A"
"86","C","B"
"87","C","E"
"88","A","B"
"89","A","C"
"90","C","D"
"91","C","D"
"92","B","D"
"93","E","B"
"94","A","E"
"95","D","E"
"96","C","D"
"97","E","A"
"98","A","C"
"99","B","D"
"100","D","B"
"101","E","B"
"102","A","D"
"103","D","E"
"104","C","B"
"105","D","E"
"106","A","B"
"107","D","B"
"108","D","B"
"109","D","C"
"110","E","A"
"111","E","D"
"112","B","C"
"113","A","B"
"114","A","B"
"115","B","A"
"116","C","D"
"117","C","D"
"118","B","A"
"119","E","B"
"120","B","E"
"121","B","D"
"122","C","B"
"123","A","B"
"124","A","D"
"125","E","D"
"126","E","A"
"127","C","D"
"128","E","B"
"129","A","D"
"130","B","E"
"131","E","A"
"132","C","D"
"133","B","E"
"134","A","E"
"135","E","D"
"136","C","B"
"137","E","D"
"138","A","D"
"139","C","B"
"140","B","C"
"141","E","D"
"142","D","E"
"143","D","A"
"144","D","B"
"145","E","F"
"146","A","C"
"147","D","C"
"148","B","E"
"149","B","C"
"150","D","E"
"151","C","D"
"152","A","C"
"153","D","E"
"154","A","E"
"155","A","B"
"156","A","B"
"157","E","A"
"158","A","C"
"159","A","B"
"160","D","C"
"161","B","E"
"162","A","D"
"163","B","E"
"164","B","D"
"165","E","C"
"166","A","E"
"167","B","C"
"168","B","C"
"169","A","B"
"170","C","D"
"171","D","E"
"172","E","B"
"173","D","B"
"174","D","C"
"175","E","C"
"176","D","B"
"177","C","B"
"178","A","C"
"179","E","D"
"180","C","E"
"181","E","D"
"182","A","B"
"183","A","C"
"184","D","A"
"185","C","E"
"186","A","E"
"187","B","E"
"188","C","B"
"189","A","B"
"190","C","B"
"191","D","C"
"192","B","C"
"193","A","B"
"194","D","E"
"195","D","E"
"196","C","D"
"197","D","E"
"198","D","B"
"199","A","E"
"200","D","E"
"201","D","E"
"202","C","D"
"203","E","D"
"204","C","E"
"205","C","A"
"206","B","C"
"207","C","E"
"208","C","D"
"209","E","B"
"210","D","A"
"211","C","E"
"212","B","D"
"213","B","E"
"214","A","B"
"215","E","B"
"216","E","B"
"217","E","C"
"218","E","C"
"219","C","D"
"220","C","D"
"221","D","A"
"222","B","E"
"223","D","A"
"224","A","E"
"225","D","C"
"226","C","E"
"227","E","B"
"228","E","C"
"229","A","B"
"230","D","C"
"231","A","D"
"232","C","D"
"233","A","B"
"234","A","C"
"235","A","D"
"236","A","B"
"237","E","A"
"238","C","A"
"239","B","E"
"240","E","A"
"241","B","C"
"242","C","D"
"243","C","E"
"244","A","D"
"245","A","E"
"246","B","A"
"247","B","A"
"248","E","D"
"249","D","E"
"250","B","E"
